{"meta": {"format": 3, "version": "7.13.3", "timestamp": "2026-03-11T11:07:36.875267", "branch_coverage": false, "show_contexts": false}, "files": {"scripts\\__init__.py": {"executed_lines": [], "summary": {"covered_lines": 0, "num_statements": 0, "percent_covered": 100.0, "percent_covered_display": "100", "missing_lines": 0, "excluded_lines": 0, "percent_statements_covered": 100.0, "percent_statements_covered_display": "100"}, "missing_lines": [], "excluded_lines": [], "functions": {"": {"executed_lines": [], "summary": {"covered_lines": 0, "num_statements": 0, "percent_covered": 100.0, "percent_covered_display": "100", "missing_lines": 0, "excluded_lines": 0, "percent_statements_covered": 100.0, "percent_statements_covered_display": "100"}, "missing_lines": [], "excluded_lines": [], "start_line": 1}}, "classes": {"": {"executed_lines": [], "summary": {"covered_lines": 0, "num_statements": 0, "percent_covered": 100.0, "percent_covered_display": "100", "missing_lines": 0, "excluded_lines": 0, "percent_statements_covered": 100.0, "percent_statements_covered_display": "100"}, "missing_lines": [], "excluded_lines": [], "start_line": 1}}}, "scripts\\build_directory.py": {"executed_lines": [7, 8, 9, 10, 11, 12, 13, 16, 17, 20, 22, 44, 47, 149, 155, 156, 158, 159, 160, 174, 176, 184, 185, 188, 204, 207, 209, 211, 212, 213, 214, 215, 217, 220, 221, 222, 223, 227, 229, 230, 231, 271, 279, 280, 281, 283, 284, 288, 295, 296, 305, 315, 316, 318, 321, 328, 329, 330, 332, 337, 338, 340, 352, 353, 355, 358, 366, 368, 374, 377, 388, 389, 390, 393, 395, 397, 404, 405, 406, 409, 415, 418, 419, 423, 426, 434, 437, 440, 441, 442, 443, 446, 450, 452, 453, 454, 455, 456, 457, 458, 460, 461, 464, 465, 466, 467, 468, 469, 471, 478, 479, 486, 488, 490, 492, 498, 502], "summary": {"covered_lines": 117, "num_statements": 163, "percent_covered": 71.77914110429448, "percent_covered_display": "72", "missing_lines": 46, "excluded_lines": 0, "percent_statements_covered": 71.77914110429448, "percent_statements_covered_display": "72"}, "missing_lines": [18, 166, 167, 168, 169, 170, 171, 216, 233, 234, 235, 236, 237, 239, 240, 241, 243, 244, 245, 246, 247, 249, 251, 253, 254, 256, 259, 261, 262, 263, 264, 265, 266, 267, 269, 270, 285, 286, 420, 421, 429, 430, 431, 433, 499, 503], "excluded_lines": [], "functions": {"minify_html": {"executed_lines": [159, 160], "summary": {"covered_lines": 2, "num_statements": 5, "percent_covered": 40.0, "percent_covered_display": "40", "missing_lines": 3, "excluded_lines": 0, "percent_statements_covered": 40.0, "percent_statements_covered_display": "40"}, "missing_lines": [166, 167, 168], "excluded_lines": [], "start_line": 158}, "create_jinja_env": {"executed_lines": [176, 184, 185, 188, 204], "summary": {"covered_lines": 5, "num_statements": 5, "percent_covered": 100.0, "percent_covered_display": "100", "missing_lines": 0, "excluded_lines": 0, "percent_statements_covered": 100.0, "percent_statements_covered_display": "100"}, "missing_lines": [], "excluded_lines": [], "start_line": 174}, "copy_static_assets": {"executed_lines": [209, 211, 212, 213, 214, 215, 217, 220, 221, 222, 223], "summary": {"covered_lines": 11, "num_statements": 12, "percent_covered": 91.66666666666667, "percent_covered_display": "92", "missing_lines": 1, "excluded_lines": 0, "percent_statements_covered": 91.66666666666667, "percent_statements_covered_display": "92"}, "missing_lines": [216], "excluded_lines": [], "start_line": 207}, "optimize_images": {"executed_lines": [229, 230, 231], "summary": {"covered_lines": 3, "num_statements": 31, "percent_covered": 9.67741935483871, "percent_covered_display": "10", "missing_lines": 28, "excluded_lines": 0, "percent_statements_covered": 9.67741935483871, "percent_statements_covered_display": "10"}, "missing_lines": [233, 234, 235, 236, 237, 239, 240, 241, 243, 244, 245, 246, 247, 249, 251, 253, 254, 256, 259, 261, 262, 263, 264, 265, 266, 267, 269, 270], "excluded_lines": [], "start_line": 227}, "build_item_pages": {"executed_lines": [279, 280, 281, 283, 284, 288, 295, 296, 305, 315, 316, 318], "summary": {"covered_lines": 12, "num_statements": 14, "percent_covered": 85.71428571428571, "percent_covered_display": "86", "missing_lines": 2, "excluded_lines": 0, "percent_statements_covered": 85.71428571428571, "percent_statements_covered_display": "86"}, "missing_lines": [285, 286], "excluded_lines": [], "start_line": 271}, "build_category_pages": {"executed_lines": [328, 329, 330, 332, 337, 338, 340, 352, 353, 355], "summary": {"covered_lines": 10, "num_statements": 10, "percent_covered": 100.0, "percent_covered_display": "100", "missing_lines": 0, "excluded_lines": 0, "percent_statements_covered": 100.0, "percent_statements_covered_display": "100"}, "missing_lines": [], "excluded_lines": [], "start_line": 321}, "build_index_page": {"executed_lines": [366, 368, 374, 377, 388, 389, 390], "summary": {"covered_lines": 7, "num_statements": 7, "percent_covered": 100.0, "percent_covered_display": "100", "missing_lines": 0, "excluded_lines": 0, "percent_statements_covered": 100.0, "percent_statements_covered_display": "100"}, "missing_lines": [], "excluded_lines": [], "start_line": 358}, "build_404_page": {"executed_lines": [395, 397, 404, 405, 406], "summary": {"covered_lines": 5, "num_statements": 5, "percent_covered": 100.0, "percent_covered_display": "100", "missing_lines": 0, "excluded_lines": 0, "percent_statements_covered": 100.0, "percent_statements_covered_display": "100"}, "missing_lines": [], "excluded_lines": [], "start_line": 393}, "build_site": {"executed_lines": [415, 418, 419, 423, 426, 434, 437, 440, 441, 442, 443, 446, 450, 452, 453, 454, 455, 456, 457, 458, 460, 461, 464, 465, 466, 467, 468, 469, 471, 478, 479, 486, 488, 490, 492], "summary": {"covered_lines": 35, "num_statements": 41, "percent_covered": 85.36585365853658, "percent_covered_display": "85", "missing_lines": 6, "excluded_lines": 0, "percent_statements_covered": 85.36585365853658, "percent_statements_covered_display": "85"}, "missing_lines": [420, 421, 429, 430, 431, 433], "excluded_lines": [], "start_line": 409}, "main": {"executed_lines": [], "summary": {"covered_lines": 0, "num_statements": 1, "percent_covered": 0.0, "percent_covered_display": "0", "missing_lines": 1, "excluded_lines": 0, "percent_statements_covered": 0.0, "percent_statements_covered_display": "0"}, "missing_lines": [499], "excluded_lines": [], "start_line": 498}, "": {"executed_lines": [7, 8, 9, 10, 11, 12, 13, 16, 17, 20, 22, 44, 47, 149, 155, 156, 158, 174, 207, 227, 271, 321, 358, 393, 409, 498, 502], "summary": {"covered_lines": 27, "num_statements": 32, "percent_covered": 84.375, "percent_covered_display": "84", "missing_lines": 5, "excluded_lines": 0, "percent_statements_covered": 84.375, "percent_statements_covered_display": "84"}, "missing_lines": [18, 169, 170, 171, 503], "excluded_lines": [], "start_line": 1}}, "classes": {"": {"executed_lines": [7, 8, 9, 10, 11, 12, 13, 16, 17, 20, 22, 44, 47, 149, 155, 156, 158, 159, 160, 174, 176, 184, 185, 188, 204, 207, 209, 211, 212, 213, 214, 215, 217, 220, 221, 222, 223, 227, 229, 230, 231, 271, 279, 280, 281, 283, 284, 288, 295, 296, 305, 315, 316, 318, 321, 328, 329, 330, 332, 337, 338, 340, 352, 353, 355, 358, 366, 368, 374, 377, 388, 389, 390, 393, 395, 397, 404, 405, 406, 409, 415, 418, 419, 423, 426, 434, 437, 440, 441, 442, 443, 446, 450, 452, 453, 454, 455, 456, 457, 458, 460, 461, 464, 465, 466, 467, 468, 469, 471, 478, 479, 486, 488, 490, 492, 498, 502], "summary": {"covered_lines": 117, "num_statements": 163, "percent_covered": 71.77914110429448, "percent_covered_display": "72", "missing_lines": 46, "excluded_lines": 0, "percent_statements_covered": 71.77914110429448, "percent_statements_covered_display": "72"},